Pos,P+,Artist and Title,Days,Pk,(x?),Pts,Pts+,TPts,US,UK,DE,AU,JP,AT,BE,CA,CH,ES,FR,ID,IN,IT,MX,NL,RU,TH,TR,ZA,AE,BR,CO,DK,HK,IE,LU,MY,NO,NZ,PH,PL,SE,SG,TW,AR,CL,CR,CZ,EC,EE,EG,FI,GR,GT,HU,IL,KE,KZ,LB,LT,NG,PE,PT,RO,SA,SI,SK,UA,VN
1,NEW,"HUNTR/X, EJAE, AUDREY NUNA, REI AMI & KPop Demon Hunters Cast - Golden",11,1,(x9),19162,18945,0.194,3,1,2,1,28,11,61,2,8,2,8,1,,13,1,8,,2,,12,4,,,6,3,5,82,1,15,6,2,14,2,1,1,,1,,,28,,,,,,6,,,,,,,,,63,,,53,,21
2,=,Alex Warren - Ordinary,181,1,(x48),16325,234,2.27,1,2,1,2,,5,6,1,4,4,2,,117,1,9,7,,,,3,1,4,,3,,8,80,,,3,54,6,,,,,,,2,,,,166,,,2,,,,,,,,2,6,49,7,1,1,
3,=,"Saja Boys, Andrew Choi, Neckwav, Danny Chung, Kevin Woo, samUIL Lee & KPop Demon Hunters Cast - Soda Pop",47,3,(x4),10992,-876,0.383,14,12,24,6,113,,,12,127,11,,18,,75,33,,,4,,69,6,,,30,6,191,,6,,4,3,,,2,9,,,,,,11,,,,99,,,,,,,,99,100,,,,,,52
4,=,Ed Sheeran - Sapphire,62,1,(x2),10789,-641,0.728,,4,3,4,,13,13,51,3,,56,,19,8,,3,,,,18,,34,,107,,1,,,23,2,,,,,,,,,,89,,,,,,,,,,,,,,94,,,,,,
5,=,ROSÉ & Bruno Mars - APT.,293,1,(x141),10292,-489,5.156,54,21,16,52,83,45,40,15,28,39,13,67,,32,150,5,,,36,,,17,,68,13,,5,,21,36,,15,,36,,,22,55,6,,7,,,,,,,,,,,,,6,,,,77,,
6,169,Marc Rebillet - Your New Morning Alarm,72,4,,9957,8869,0.307,2,7,56,3,,19,12,3,,,,,,,,1,,,,181,,103,,1,,16,,196,3,1,,2,1,,,,,,19,,,,5,,,4,13,,,,,,,,20,,94,,,
7,3,Chappell Roan - The Subway,6,3,(x3),9808,1118,0.071,7,3,108,17,,29,,6,95,16,84,37,,43,12,12,,,,,,,,32,,11,,,,12,14,18,,,,,2,44,31,,,,148,,1,,,,,,,,,,73,,,,,
8,-2,BLACKPINK - JUMP,27,1,(x5),9502,-556,0.342,89,76,22,63,34,,7,49,,,5,4,,85,8,40,,12,116,,,,,,5,,,5,,11,28,,7,4,4,,,,52,,,,154,,,,,,24,,,,,,,,,,,24
9,-1,"HUNTR/X, EJAE, AUDREY NUNA, REI AMI & KPop Demon Hunters Cast - What It Sounds Like",13,8,,9455,-28,0.1,10,11,8,8,,37,,11,53,,103,30,,,51,,,149,,,10,,,,11,,,11,70,,21,59,23,11,54,,,67,,,,,,,,,,,,,,,,,,,,55,,148
10,-3,Lola Young - Messy,260,3,(x25),9029,-850,3.035,83,9,4,34,,16,9,30,7,,3,,,37,,20,,,,,,12,,92,,,83,,20,,,34,,,,,,,,,10,,,,,,,,,,,,,,,,,54,,
11,-2,Ed Sheeran - Azizam,125,3,(x4),8250,-520,1.404,,13,6,22,,14,15,52,2,103,10,,,70,,18,,,,,,181,,39,,27,,,,47,,,,,,,,,,,,,,69,,,,,,,,,,86,,64,,2,,
12,=,Lady Gaga & Bruno Mars - Die With A Smile,356,1,(x39),8238,480,5.75,28,28,26,29,162,,,20,87,14,,21,,,5,,,155,39,,,46,,,48,41,,24,,,13,,57,20,82,,3,,,,,,,,,,,,,,,,,96,,,,,,42
13,6,"Saja Boys, Andrew Choi, Neckwav, Danny Chung, Kevin Woo, samUIL Lee & KPop Demon Hunters Cast - Your Idol",46,9,,7971,960,0.292,19,24,59,20,,39,,27,156,9,21,158,,167,61,57,,,,,14,,,64,12,200,,8,,,19,,,18,48,,17,,,,,,,,,,,,,,,,,,,,,,,
14,2,"Ozzy Osbourne - Mama, I'm Coming Home",25,1,(x2),7925,685,0.248,6,25,49,15,,,,7,109,43,168,,66,51,46,,,,,,,24,,12,,,1,,7,5,,50,74,,,,,,,,1,,,,,,,,,,,,,,,,,,,
15,-2,"Rumi, JINU, EJAE, Andrew Choi & KPop Demon Hunters Cast - Free",47,13,,7601,125,0.259,22,27,34,27,,,,28,,,37,13,,97,34,,,16,,,12,,,,16,,,,,,6,,,31,19,,,,,,,,,,,,,,,,,,,,,,,,,
16,2,Benson Boone - Beautiful Things,566,1,(x35),7433,313,6.054,21,35,145,13,,,,21,13,3,40,32,,65,,,,,,13,,5,,,,,,,,,26,,,,,,,,,,,,,,,,,,,,,,,15,,,,,,
17,-6,Justin Bieber - DAISIES,27,4,,7150,-713,0.23,18,20,60,9,,,29,9,89,,,,173,,16,,,48,,135,,55,,,,4,,,46,,46,119,,,,,,,,,,,,,,,,,,,,,,,,,,,,88
18,-1,"HUNTR/X, EJAE, AUDREY NUNA, REI AMI & KPop Demon Hunters Cast - How It’s Done",13,17,,6897,-231,0.068,20,19,31,21,,,,24,,71,90,22,,100,,,,,,,59,,,29,21,,,,,60,7,,44,25,,,,,,,,98,,,,,,,,,,,,,,,,,,
19,2,Chappell Roan - Pink Pony Club,381,8,,6870,1491,1.766,8,10,51,23,,,59,5,,,43,,,62,,,,151,,41,,,,46,,2,,,,,,,,,,,,,,,,,,,,,,,,,,,,35,,,,,,
20,-6,Ozzy Osbourne - Dreamer,18,3,(x2),5984,-1411,0.234,38,22,15,41,,,,16,,,,,,133,71,,35,,,,,30,,,,,,,8,42,,16,,69,,,,,,,,,,,,,,,,56,,,,,,,,,,
21,5,Lewis Capaldi - Survive,41,2,(x4),5384,577,0.319,,8,66,33,,6,132,,6,,,,,20,,,,,,,2,,,,,12,,,,,,,,,,,,,10,,,,,,,,,,,,,,,,,,,,,
22,7,"HUNTR/X, EJAE, AUDREY NUNA, REI AMI & KPop Demon Hunters Cast - Takedown",12,22,,5296,687,0.048,31,18,43,26,,,,45,69,47,105,165,,,190,,,94,,,,,,9,64,,,,,,,,,,,,,,,,,,,,,,,,,,,,,,,,,,,
23,7,Calvin Harris & Clementine Douglas - Blessings,90,13,,5139,553,0.423,,16,11,,,,2,,16,,189,,,,141,6,,,,,3,,,,,,,,,,,46,,,,,,,,,,,,97,,,,,,,,,,,,,,,,
24,-9,Black Sabbath - Paranoid,27,2,(x3),5129,-2183,0.337,39,30,21,47,,,,43,,,183,,,,7,,,,,,,26,,,,,73,84,,17,,,,,,,,,,,,,8,,,,,,,,,,,,107,,,,,
25,-5,Teddy Swims - Lose Control,759,1,(x6),5089,-735,6.394,17,127,162,19,,,,8,30,,47,166,,,29,,,,,,,53,,,,,,,,20,,,27,,,,,,16,,,,,,,,,,,,,,,,,,,,,
26,7,Lady Gaga - Always Remember Us This Way,2155,2,(x18),5005,609,8.691,45,41,45,51,,,,23,,75,121,76,,27,32,52,,,,,,68,,,,,,,,,,,,,,,,,,,,,,,,,,,,,,,,,,,,,,
27,-5,Ozzy Osbourne - Crazy Train,20,6,,4903,-337,0.214,11,37,62,32,,,,29,,,,,,49,,,,,,,,162,,53,,,,,,15,,61,25,,,,,,,,,,163,,,,,,,,,,,,,,,,,
28,-4,Billie Eilish - BIRDS OF A FEATHER,447,1,(x16),4691,-297,5.117,91,74,53,85,,,,42,27,,175,20,,,40,,,15,,,,8,128,,,,,,,43,,,,,,128,12,,,,,,,,,7,,,,,17,83,,,,,91,,,22
29,3,Shaboozey - A Bar Song,482,1,(x3),4567,139,4.085,24,46,92,38,,,,13,128,,,56,,,,,,,,28,,,,122,,,85,,,9,,,,,,,,,,,,,,,,,,,,,,,,,,,,,,
30,8,WizTheMc & bees & honey - Show Me Love,137,27,,4534,893,0.373,,140,14,,,,30,,9,,198,,78,73,,4,,,30,,5,,,,,,,,,,,,,,,,,,,,,,,,,,,,,6,,,,,,,84,26,,
31,-6,Disco Lines & Tinashe - No Broke Boys,47,25,,4486,-361,0.134,113,6,48,7,,,,14,177,,,,,180,,,,,,,,,,,,192,,,,,,,,,,,,,9,,,,,,,,,,,,,,,,,,,,,
32,3,Doechii - Anxiety,155,1,(x17),4374,396,1.766,90,110,41,99,,,4,69,,42,18,108,,63,,,,,,20,,,,,,,,,,,,,,,,,,,,,,,,15,,,,,,,,,,,,,,,77,
33,10,Lady Gaga - Abracadabra,185,1,(x4),4236,781,2.034,181,137,10,64,,17,,112,25,,9,,,,,,,,,,,,,,,,,,5,,,,,,,,,10,,,,,,,,,,,,,,,,,,,,,,
34,13,Disturbed - The Sound of Silence,1807,1,(x2),4228,1034,9.713,85,49,64,78,,122,58,97,134,70,17,192,,84,84,56,,,,,,,,,,193,,,,16,,49,,,,,,,28,,,,,,,94,,,,,,,,,,,52,,,
35,-1,Benson Boone - Mystical Magical,104,9,,4122,113,0.545,37,44,,30,,,,25,,,25,,,29,,,,,,,,,,,,195,,,,139,,17,,,,,,,,,,,,,,,,,,,,,,,,,,,,
36,-9,Max McNown - Better Me For You,134,27,,4113,-659,0.324,5,47,128,37,,,,4,,,,,,,,,,,,,,,,81,,,,,,33,,,,,,,,,,,,,,,,,,,,,,,,,23,,,,,
37,-14,"Tyler, The Creator - Ring Ring Ring",16,17,,4042,-1146,0.076,55,84,167,68,,,34,75,,,,,103,,11,,,,,42,,,113,13,,14,,,,,,3,,,,,,,,,,,,,54,95,,,,,,,,,,,81,,78,
38,-7,Teddy Swims - Bad Dreams,328,1,(x1),3933,-511,2.943,40,23,83,58,,,,36,,,69,101,,,,,,,,,,,,,,20,,,,,15,,,,,,,,,,,,,,,,,,,,16,,,,,,58,,79,
39,-11,Miley Cyrus - End of the World,125,1,(x2),3875,-754,0.951,,,5,126,,8,,,18,76,,,,186,,11,,,,,,,,,,,70,,,,,,,,,,,,,,,,,,,,,,,,,,,,,,,,,
40,16,"MOLIY, Silent Addy, Skillibeng & Shenseea - Shake It To The Max",110,9,,3505,790,0.427,173,32,33,,,,18,50,,,70,,,,,54,196,,,,,,,,,,,59,,,,35,,,,,,,,,,,,,,,,,,,,138,,,,90,,,,
41,-4,Alex Warren - Eternity,20,14,,3450,-251,0.084,70,14,142,55,,,,67,,,,,,,,21,,,,,,,,,,,,,,49,,,20,,,,,,,,,,,,,,,,,,,,,,,,,,,
42,2,Sabrina Carpenter - Manchild,62,3,(x1),3441,6,0.356,64,48,122,46,,88,,33,99,147,,160,,141,82,,,170,,,,18,,,,,,,,,30,,,,,,,,,,,,,,,,,,,,,,,,,,,,,
43,8,"HUGEL, Topic & Arash - I Adore You",364,20,,3326,417,1.014,,,20,,,,126,,38,17,41,,,168,,17,,,,,,,,,,,,,,,,,,,,,,,,,,,,,,,8,,,,,,59,7,,,,59,,
44,14,YUNGBLUD - Zombie,66,18,,3247,606,0.221,84,36,86,130,,,127,38,142,,,,,137,102,188,,,,35,82,,,48,,,98,,,13,,,,,,,,,,,,,,,,,,,,,,,,,,,,,,
45,NEW,Max McNown - Same Questions,41,10,,3234,2620,0.172,139,42,,59,,24,37,61,63,,,,,,,,,,,,,,,,,,,,24,8,,,,,,,,,,,,,,,,,,,,,,,,,,,,,,
46,-1,David Guetta & Sia - Beautiful People,153,16,,3138,-289,0.715,,135,17,,,,42,,17,,49,,,,,42,,,,,,,,,,,,,33,122,,,,,,,,,,,,,,,,99,,,,,,,,,,,,,,
47,82,"HUNTR/X, EJAE, AUDREY NUNA, REI AMI, KPop Demon Hunters Cast & David Guetta - Golden",8,47,,3133,1730,0.017,,,125,,,22,,,174,19,,14,,,,,,8,,,,,,,,,,7,,,11,,,,,,168,,,,,,,,,,,,,,,,,,,,,,,
48,1,Ed Sheeran - Old Phone,97,9,,3086,91,0.394,,82,73,35,,79,,,10,,,,,,,49,,,,,,38,,,,,84,,,41,,,,,,,,,,,,,,,,,,,,,,,,,,,,,,
49,18,Ac/Dc - Thunderstruck,801,21,,3075,926,3.442,119,69,61,69,,,,116,,65,,,,72,,61,128,,,,,,,,,,,,2,35,,,40,,,,,,,,,,,2,,,,,,,,,,,,,,,,
50,-4,Black Sabbath - Changes,19,8,,3007,-260,0.105,41,45,,49,,,,37,,,,,,67,103,,,,,,,,,,,,,,,18,,,,,,,,,,,,,,,,,,,,,,,,,,,,,,
51,-15,Fantomel & KATE LINN - Dame Un Grrr,47,28,,2894,-809,0.136,,,95,,,80,83,,,,12,194,,172,,157,144,37,,30,,,,,,,,9,88,,31,,,,,,,,,,,,90,,,,,,,,,,,90,,58,,6,,
52,21,Tate McRae - Just Keep Watching,69,10,,2835,824,0.186,59,130,137,62,,,72,134,14,,138,,40,,,,,,,,,,,,,,,,,64,,,187,,,,,,7,,,,,,,,,,,,,,,,,,,49,,
53,-14,Ozzy Osbourne - No More Tears,20,12,,2786,-826,0.119,27,83,170,66,,,,31,,,,,,,,,,,,,,11,,,,,,,,46,,47,,,,,,,,,,,,,,,,,,,,,,,,,,,,
54,-14,Tommy Cash - Espresso Macchiato,96,5,,2756,-841,0.497,,,75,,,1,46,,22,44,,,,,,,,,,,,,,14,,,,,98,,,,,,,,,,,,,,,8,,,,,,,93,,,,,,,,,
55,-13,Levi Heron - The Glen,89,13,,2753,-722,0.412,,26,25,172,,,,,,,,,,,,,,,,14,,,,,,,,,,,,,,,,,,,,,,,,,,5,,,,,,,,,,,,,,
56,-2,Drake - NOKIA,173,2,(x2),2701,-46,1.337,122,117,,133,,,,55,,,,,52,,,89,,31,161,4,97,,198,,,,,,,,,,,,,,,,,,,,,,,,,5,,,,38,,,,,9,,,
57,-5,Myles Smith - Stargazing,454,6,,2664,-174,2.275,52,55,,86,,,,54,11,,,153,,,,,,,,,,,,,,,,,,,,,32,,,,,,,,,,,64,,,,,,,,,,,,,,,,
58,12,Bleu Soleil & LUIZA - Soleil Bleu,33,58,,2594,518,0.079,,,,,,86,20,,1,,1,,,,,,,,,,,,,,,,4,,,,,,,,,,,,,,,,,,,,,,,,,,,,,,,,,
59,5,KAMRAD - Be Mine,83,41,,2527,302,0.193,,,7,,,21,,,19,,,,,,,,,,,,,,,,,,,,,,,,,,,,,,,,,,,,,,,,,,,,,,,,,,,
60,-1,Alex Warren & Jelly Roll - Bloodline,57,40,,2521,97,0.148,,52,,12,,,,156,41,,,,,,,,,,,150,,,,,,,,,,34,,,,,,,,,,,,,,,,,,,,,,,,,,,,,,
61,-6,sombr - undressed,86,44,,2505,-238,0.179,174,33,139,28,,,,93,,,,,,,,,,,,,,,,,,7,,,,,,,,,,,,,,76,,,,,,,,,,,,,,,,5,,,,
62,9,Chris Brown - It Depends,13,24,,2454,398,0.039,16,60,,146,,,,,,,,,,,,104,,,,27,,,,,,,,,,,,,125,,,,,,,,,,,,,,,,,,,,,,,,,,,
63,-13,Forrest Frank & The Figs - LEMONADE,6,47,,2411,-571,0.016,4,141,,137,,,,64,,,,,,,,,,,,67,,,,,,,50,,,,,,,,,,,,,,,,,,,,,,,,9,,,,,,,,,
64,34,Crash Adams - New Heart,19,38,,2394,731,0.054,118,81,199,,,,,,158,77,174,44,,68,,,,,,108,,,,,,,,3,18,,,,,35,,,,,17,,,,,,,100,,,,,,,,,,23,,61,11,
65,-12,Ravyn Lenae - Love Me Not,71,44,,2389,-442,0.144,100,99,116,122,,,41,128,39,,,,,,,64,,,,149,,,,,,,,,,,,8,93,,,,,,,,,,,,,12,,,,,,,,93,,,,64,,
66,-18,Teddy Swims - The Door,565,8,,2341,-720,3.2,62,58,,39,,,,44,179,,,,,,,,,,,,,90,,,,,,,,59,,,,,,,,,,,,,,,,,,,,,,,,,121,,,,,
67,-7,"YUNGBLUD, Nuno Bettencourt & Frank Bello - Changes",19,2,(x1),2328,-35,0.151,107,38,82,82,,,,34,,,,,,,,136,,,,132,,,,,,,,,,80,,,,,,,,,,85,,,,,,,,,,,,,,,,,,,,
68,-5,TWICE - TAKEDOWN,41,44,,2290,34,0.091,121,78,39,73,,,,138,,,,,,,170,,,,,,,,,88,27,,,,,,,,,16,,,,,,,,,,,,,,,,,,,,,,,,,,120
69,149,G-Eazy - Lady Killers II,27,65,,2267,1362,0.055,,,,,,,,,,,,6,,,24,,,138,,55,,,2,,,,,,,,12,42,,,,,,,,,,,,,,,,,,,,,,,,,,,,102
70,109,Sia - Unstoppable,1805,3,(x7),2237,1179,6.998,135,111,88,177,,,,,,,,,67,59,,22,,,,33,,,,,,,,,,,,,,,,,,,,,,,,,,,,,,,,,,,,,,,14,153
71,69,Justin Bieber - YUKON,5,71,,2228,912,0.018,60,65,121,54,,,,46,,,181,193,,,,,,,,,,,,,,,,,,,,157,,,,,,,42,,,,,,,,,,,,,,64,63,,,,,,
72,50,Journey - Don't Stop Believin',560,20,,2221,771,3.181,193,,54,125,,,28,107,61,100,,,,155,49,,,,,,,137,,,,,,,,,,,,,,,,,,,,,,,,,,,,,,,,,5,,,,,
73,122,"HUGEL, Dawty & Preston Harris - Loosen Up",4,68,,2208,1223,0.014,,,35,,,,25,,161,31,,,,46,,,,,,,,,,,,,,,,,,,,,,,,,,,,,,,,,,,,,,,,16,,,,,,
74,8,Coldplay - Viva la Vida,1812,7,,2175,363,6.659,,105,,196,,,,194,,12,77,,,,192,,,,,100,17,,107,,,,,50,10,,41,,,,,103,,,,,5,,,,,,,,,,,,,,,68,,,,
75,-34,Arden Cho & Cha Eun-Woo - Free,2,41,,2122,-1414,0.006,,,,,,,,,,,,,,,25,,,23,,,,,,,9,,,,,,9,,,5,14,,,,,,,,,,98,,,,,,,,4,,,,,,,
76,-7,Trinix & Mariana Froes - Vaitimbora,44,60,,2105,-6,0.087,,,,,,,10,,50,120,36,,,25,,,,,,,,196,,,,,,,51,,,,,,,,,,,,,,,,,,,,,,,,180,,,,,,,
77,-15,MK - Dior,52,33,,2102,-205,0.103,,15,,,,,16,,,,,,,,,59,,,,,,,,,,,,,,,,,,,,,,,,,,,,,,,,,,,,,,,,50,,,,
78,-3,Black Sabbath - War Pigs,18,10,,2080,135,0.084,58,71,149,95,,,,,,,,,,,,38,,,,,,,,,,,3,,,81,,,,,,,,,,,,,,,,,,,,,,,,,,,,,,
79,46,Ricchi & Poveri - Sarà perché ti amo,535,28,,2057,630,1.242,,,38,,,72,17,,,,57,,,,,,,,,,,,,,,,,,,,,,18,,,,,,,,,,,,,,,,,,,,,,,,,,,
80,NEW,Jordan Davis & Marcus King - Louisiana Stick,1,80,,2000,2000,0.002,9,98,141,,,,,62,,,,,,,,,,,,,,,,,,,,,,,,,,,,,,,,,,,,,,,,,,,,,,,,,,,,
81,7,Miley Cyrus - Flowers,902,1,(x119),1993,229,7.356,,53,91,,,67,,164,,124,46,,,,,,,,,101,,123,,,35,,,,,,,,,,,,,,,,,,165,,,,,,,,,,14,,9,,,,,
82,-14,Ed Sheeran - Perfect,2936,1,(x62),1989,-133,15.445,,,126,139,,,,159,20,20,193,,,,,,,,,,,,,,,33,,,11,,,,,,,182,15,,21,,,,,,,,,,,,,,,,,,,,,
83,NEW,ZEE PRUK & NuNew - ฟ้าที่เคียงเธอ,1,83,,1981,1981,0.002,,,,,,,,,,38,,,,,,,,1,,,,3,,,14,,,47,,,,,,,46,,,,,,,,,,,,,,,,,,63,,,,,,,
84,NEW,Crash Adams - Optimist,5,76,,1972,1972,0.011,13,,,,,,,10,,,,,,,,,,,,183,,,,,,,,,,,,,,,,,,,,,,,,,,,,,,,,,,,,,,,,
85,7,RIAN - Hausparty,32,85,,1953,207,0.069,,,18,,,3,,,184,,,,,,,,,,,,,,,,,,,,,,,,,,,,,,,,,,,,,,,,,,,,,,,,,,,
86,23,LiSA - Shine in the Cruel Night,19,66,,1936,368,0.04,,,,,2,,,,,,,,,,,,,,,,,,,,18,,,,,,,,,,36,,,,,,,,,,,,,,,,,,,,,,,,,
87,NEW,Steve Ray Ladson - Back Of My Truck,4,78,,1864,1864,0.009,12,,,,,,,18,,,,,,,,,,,,,,,,,,,,,,,,,,,,,,,,,,,,,,,,,,,,,,,,,,,,
88,17,Ati242 - Her Nerdeysen,97,17,,1817,236,0.287,,,,,,,63,,,,,,,,,27,,,1,,,,,,,,,,,,,10,,,,,,,,,,139,,,,,,,,,,,,,81,,,,91,123
89,26,Benson Boone - Sorry I'm Here For Someone Else,160,10,,1806,277,0.609,114,100,146,72,,,,78,32,,,,,,,,,,,156,,,,,,,,,,48,,,,,,,,,,,,,,,,,,,,,,,,,,31,,,,
90,-18,Lewis Capaldi - Someone You Loved,1399,1,(x1),1806,-227,6.606,142,77,,70,,,,65,,73,188,,,,,,,,,,,43,149,,138,24,,,,,,,,,,,,,,,,,,,,,,,,32,,,,,,,,,,
91,95,Alex Warren - Carry You Home,373,25,,1790,750,0.921,,64,,127,,,,72,23,,100,,,,,,,,,76,,,,131,,,,,,66,,,,,,,,,,,,,,,,,,,,,,,,,,,,,,
92,21,Damiano David - Next Summer,154,21,,1785,247,0.37,,,,,,,3,,101,,27,,,60,,,,,,,,,,,,,,,,,,55,124,,,,,,,,,,,,,,,,72,,,,,,,,,,,
93,37,Hans Zimmer - F1,39,17,,1776,375,0.112,,,,,,,,,,48,60,,9,,,,,,,,,,,,128,,41,51,,,,,,,29,,,,,,,145,,,,16,,,,,,,,,,,,,,
94,-3,Falling In Reverse - God Is a Weapon,36,9,,1772,22,0.109,137,194,85,112,,,,,,,107,,,,188,,11,,,,,,,,,,34,,,,,,,,,,,,,,,,,,,,,,,,,,,,74,,,,3,
95,-29,Pietro Basile - Gianna,106,39,,1769,-394,0.237,,,29,,,2,,,148,,,,,,,,,,,,,,,,,,,,,,,,,,,,,,,,,,,,,,,,,,,,,,,,,,,
96,NEW,OFFICIAL HIGE DANDISM - Rashisa,1,96,,1754,1754,0.002,,,,,1,,,,,,,,,,,,,,,,,,,,,,,,,,,,,,35,,,,,,,,,,,,,,,,,,,,,,,,,
97,-18,Cyril - Stumblin' In,592,5,,1749,-108,3.19,,,32,108,,,,,,58,,,,,,110,,,,,,,,,,,,,,45,,,,,,,,,18,,,,,,16,,,,,,,,,,13,,,,,
98,-13,Oimara - Wackelkontakt,202,22,,1678,-103,0.608,,,13,,,35,,,,,,,,,,,,,,,,,,,,,,,,,,,,,,,,,,,,,,,,,,,,,,,,,,,,,,
99,-21,Fujii Kaze - Love Like This,6,49,,1672,-214,0.014,,,,,14,,,,,,,,,,,,,85,,,,,,,17,,,,,,,,,,,,,,,,,,,,,,,,,,,,,,,,,,,18
100,44,j-hope & GloRilla - Killin' It Girl,39,1,(x6),1661,373,0.234,,,,,,,,,,,,9,,,,,,17,,,,69,,,,,,,,,22,,196,,58,,,,,,,,,,,,,,,,,,,,,,,,,
101,5,Shaboozey - Good News,265,26,,1601,20,0.698,33,,,147,,,,22,,,,,,,,,,,,,,,,,,,,,,61,,,,,,,,,,,,,,,,,,,,,,,,,,,,,,
102,NEW,Mama Duke - Feels So Good To Be You,9,31,,1587,1587,0.027,25,,,,,,,17,,,,,,,,,,,,,,,,,,,,,,,,,,,,,,,,,,,,,,,,,,,,,,,,,,,,
103,-27,Don Toliver - Lose My Mind,43,16,,1578,-366,0.141,,,,,,,,,,,,,5,,,,,57,122,,,,,,,,,,,126,,,,,10,,,,26,,,,,,,23,,,8,,,,18,,,,,,,
104,12,Richard Marx - Right Here Waiting,17,101,,1575,75,0.242,,,,11,,,,118,,,,,,,,,149,106,,,,,,,,,,,,,,,,,,,,,,,,,,,,,,,,,,,,,,,,,,
105,NEW,Sons of Legion - Fire Starter,24,34,,1572,770,0.079,82,199,102,60,,,,39,,,,,,,,,,,,,,,,,,,,,,,,,,,,,,41,,,,,,,,,,,,,,,,,,,,,,
106,NEW,Aimer - A World Where the Sun Never Rises,14,81,,1562,1562,0.025,,,,,5,,,,,,,,,,,,,,,,,,,,68,,,,,,,,,,,,,,,,,,,,,,,,,,,,,,,,,,,
107,-23,NEIKED & Portugal. The Man - Glide,28,82,,1558,-245,0.075,,,30,,,12,,,,,,,,,,,,,,,,,,,,,,,,,,,,,,,,,,,,,,,,,,,,,,,,,175,,,,,
108,-14,Aina The End - On The Way,29,79,,1544,-165,0.047,,,,,10,,,,,,,,,,,,,,,,,,,,,,,,,,,,,,21,,,,,,,,,,,,,,,,,,,,,,,,,
109,58,"David Guetta, Hypaton & Bonnie Tyler - Together",32,31,,1538,368,0.083,,,173,,,,,,44,,23,,,35,,92,,,,,,,,,,,,,,,,,,,,,,,,,,,,,,,,,,42,,,,,,,,,,
110,NEW,ALSTROEMERIA & CoMETIK - Refrain Brain,1,110,,1538,1538,0.002,,,,,3,,,,,,,,,,,,,,,,,,,,,,,,,,,,,,,,,,,,,,,,,,,,,,,,,,,,,,,
111,-28,Christina Perri - A Thousand Years,2474,17,,1532,-275,7.821,112,91,101,,,,,90,,,67,,,196,,,,200,,99,,,,,,,,,,129,,21,,,,,,,,,,,,,,,,,,,,,,,,,,,,
112,-16,TOMORROW X TOGETHER - Beautiful Strangers,14,7,,1530,-170,0.047,,,,,8,,,,,,,95,,,,,,,,,,,,,,,,,,,,,,,,,,,,,,,,,,,,,,,,,,,,,,,,
113,-24,Jelly Roll - I Am Not Okay,393,21,,1519,-242,0.981,61,155,,48,,,,58,,,,,,,,,,,,,,,,,,,,,,,,,,,,,,,,,,,,,,,,,,,,,,,,,,,,
114,NEW,CoMETIK - Nisemono,1,114,,1508,1508,0.002,,,,,4,,,,,,,,,,,,,,,,,,,,,,,,,,,,,,,,,,,,,,,,,,,,,,,,,,,,,,,
115,9,Nicholas Britell - Succession,18,74,,1479,49,0.106,,,,,,,,,,,,,6,,,,,,4,,,,,,,,,,,,,,,,,,,,,,,,,,,,,,,,,,,,,,,,,
116,-5,N.Jay - The End,5,105,,1479,-59,0.008,,5,,,,,,,,,,,,,,,,,,,,,,,,,,,,,,,,,,,,,,,,,,,,,,,,,,,,,,,,,,
117,-5,Jessica Mauboy - While I Got Time,6,102,,1479,-59,0.009,,,,5,,,,,,,,,,,,,,,,,,,,,,,,,,,,,,,,,,,,,,,,,,,,,,,,,,,,,,,,
118,31,Gracie Abrams - That’s So True,273,4,,1478,235,1.513,191,118,,81,,,,115,12,99,,,,,,,,,,,,,,,,197,,,,,,,,,,,,,,,,,,,,,,,,,,,,,,,,,,
119,-42,Morgan Wallen & Tate McRae - What I Want,81,47,,1472,-420,0.15,30,,,,,,,19,,,,,,,,,,,,,,,,,,,,,,,,,,,,,,,,,,,,,,,,,,,,,,,,,,,,
120,NEW,ALSTROEMERIA - LOOPYLOVE,1,120,,1450,1450,0.001,,,,,6,,,,,,,,,,,,,,,,,,,,,,,,,,,,,,,,,,,,,,,,,,,,,,,,,,,,,,,
121,-3,back number - The Unveiling,5,99,,1422,-57,0.008,,,,,7,,,,,,,,,,,,,,,,,,,,,,,,,,,,,,,,,,,,,,,,,,,,,,,,,,,,,,,
122,125,KAROL G & Manu Chao - Viajando Por El Mundo,10,76,,1414,596,0.035,,,,,,74,,,,6,,,,,26,,,,,,,,,,,,,,,,,,,,,,,,,,,,,,,,,,,,,,,,,,,,,
123,64,Billie Eilish - WILDFLOWER,138,4,,1406,381,0.442,,,,,,,,,,,,7,,,21,,,,,,,,,,,,,,,56,,,,,,,18,,,,,,,,,,,,,,,,,,,,,,,
124,-22,Effe Serieus - Baila de Gasolina,52,101,,1404,-196,0.117,,,,,,,14,,,,,,,,,2,,,,,,,,,,,,,,,,,,,,,,,,,,,,,,,,,,,,,,,,,,,,
125,-2,Olivia Dean - Nice To Each Other,25,78,,1384,-55,0.059,,79,,31,,,,,,,,,,,,,,,,,,,,,,,,,,,,,,,,,,,,,,6,,,,,,,,,,,,,,3,,,,
126,-52,Myles Smith - Nice To Meet You,272,17,,1381,-619,0.844,,39,,,,,,79,97,,51,,,,,,,,,,,,,,,,,,,,,,,,,,,,,,,,,,,,,,,,,,,,,,,,,
127,-23,TRIANGLE DES BERMUDES - Charger,16,90,,1380,-207,0.032,,,,,,,21,,,,4,,,,,,,,,,,,,,,,,,,,,,,,,,,,,,,,,,,,,,,,,,,1,,,83,,,
128,-2,Schiller - Euphoria: Der Traum,6,78,,1368,-54,0.01,,,9,,,,,,,,,,,,,,,,,,,,,,,,,,,,,,,,,,,,,,,,,,,,,,,,,,,,,,,,,
129,-22,King & Prince - I Know,6,78,,1368,-204,0.01,,,,,9,,,,,,,,,,,,,,,,,,,,,,,,,,,,,,,,,,,,,,,,,,,,,,,,,,,,,,,
130,-37,sombr - back to friends,15,76,,1359,-361,0.05,187,,105,94,,,,131,34,,,135,,111,,,,103,,,,,,,,,,,,,,,,,,,,,,,,,,,,,,,,,,,,,,,,,,
131,14,Black Sabbath - Iron Man,19,7,,1356,73,0.108,65,153,,192,,,,82,,,,,,,,,,,,,,127,,,197,,,,64,21,,24,,,,,,,,,,,,,,,,,,,,,,,,,,71,,
132,-15,Richard Marx - Magic Hour,3,117,,1341,-138,0.004,,,,10,,,,,,,,,,,,,,,,,,,,,,,,,,,,,,,,,,,,,,,,,,,,,,,,,,,,,,,,
133,5,HANA - Blue Jeans,25,99,,1315,-26,0.037,,,,,11,,,,,,,,,,,,,,,,,,,,,,,,,,,,,,,,,,,,,,,,,,,,,,,,,,,,,,,
134,42,YUNGBLUD - I Was Made For Lovin’ You,42,47,,1293,206,0.128,108,75,,198,,,,102,,,,,,,,,,,,103,48,,,,,,,,,7,,,,,,,,,,,,,,,,,,,,,,,,,,,,,,
135,22,Contec & Lina Maly - Als du gingst,79,71,,1290,73,0.122,,,12,,,,,,,,,,,,,,,,,,,,,,,,,,,,,,,,,,,,,,,,,,,,,,,,,,,,,,,,,
136,NEW,Jupiter & F-LAGS - GRAND-NEW UNIVERSE,1,136,,1290,1290,0.001,,,,,12,,,,,,,,,,,,,,,,,,,,,,,,,,,,,,,,,,,,,,,,,,,,,,,,,,,,,,,
137,11,TENBLANK - Crystalline Echo,4,137,,1284,26,0.008,,,,,31,,,,,,,,,,,,,,,,,,,,10,,,,,,,,,,40,,,,,,,,,,,,,,,,,,,,,,,,,
138,NEW,Nina Chuba - Wenn das Liebe ist,23,45,,1274,579,0.069,,,36,,,,,,29,,,,,,,,,,,,,,,,,,,,,,,,,,,,,,,,,,,,,,,,,,,,,,,,,,,
139,-12,神山羊×YOSUKE from SPYAIR - Subarashisekai,3,127,,1265,-157,0.004,,,,,13,,,,,,,,,,,,,,,,,,,,,,,,,,,,,,,,,,,,,,,,,,,,,,,,,,,,,,,
140,25,Drake & Central Cee - Which One,9,30,,1255,81,0.027,53,107,,,,,,177,,,,,,,,50,,,,,,,,,,,,,,,,,58,,,,,,,,,,,,,,,,,,,,,,,,,,,
141,-55,Forrest Frank - YOUR WAY'S BETTER,97,36,,1252,-526,0.192,15,,,,,,,187,,,,,,,,,,,,,,,,,,,,,,,,,,,,,,,,,,,,,,,,,,,,,,,,,,,,
142,NEW,Bad Bunny - NUEVAYoL,93,11,,1251,933,0.296,,,,,,,65,,,13,,,,,,,,,,,16,,33,,,,,,,,,,,,,,,,,,,,,,,,,,,,,,,,,,,,,
143,35,The Goo Goo Dolls - Iris,250,34,,1250,176,1.315,79,101,134,,,,,60,,,,,186,,,,,,,,,65,,,,,,,47,,,,,,,,,,,,,,,,,,,,,,,,,,,,,,,
144,10,Bailey Zimmerman & Luke Combs - Backup Plan,72,24,,1248,19,0.132,36,,,,,,,32,,,,,,,,,,,,,,,,,,,,,,,,,,,,,,,,,,,,,,,,,,,,,,,,,,,,
145,NEW,Col Joy - Bye Bye Baby,1,145,,1241,1241,0.001,,,,14,,,,,,,,,,,,,,,,,,,,,,,,,,,,,,,,,,,,,,,,,,,,,,,,,,,,,,,,
146,NEW,ABBA - Dancing Queen,80,9,,1230,789,0.946,,,172,,,,,,90,50,,29,,,168,,,,,,,,,,,,,,43,,,,,,,,,,,,,,,,,,,,,,20,,,,,,,,,
147,67,Nate Smith - Fix What You Didn't Break,15,31,,1230,314,0.129,46,,,188,,,,26,,,,,,,,,,,,,,,,,,,,,,,,,,,,,,,,,,,,,,,,,,,,,,,,,,,,
148,7,LBI - Jumping Machine,137,54,,1229,2,0.239,,,,,,,,,,,,,,,,,,3,,,,,,,65,,,25,,,,,,,26,,,,,,,,,,,,,,,,,,,,,,,,,
149,-59,Luke Combs - Back in the Saddle,13,28,,1227,-528,0.039,76,143,,56,,,,83,,,,,,,,,,,,,,,,,,,,,,,,,,,,,,,,,,,,,,,,,,,,,,,,,,,,
150,-3,Mrs. Green Apple - Lilac,454,79,,1217,-48,0.628,,,,,15,,,,,,,,,,,,,,,,,,,,,,,,,,,,,,,,,,,,,,,,,,,,,,,,,,,,,,,
151,23,Lost Frequencies & The Temper Trap - Sweet Disposition,13,151,,1216,127,0.046,,,,71,,,22,,,,,,,,,,,,,,,,,,,,7,,,,,,,,,,,,,,,,,,,,,,,,,,,,,,,,,
152,NEW,Pommelien Thijs - Atlas,43,106,,1213,416,0.115,,,,,,,1,,,,,,,,,35,,,,,,,,,,,,,,,,,,,,,,,,,,,,,,,,,,,,,,,,,,,,
153,-58,Phil Wickham - What An Awesome God,61,31,,1196,-509,0.14,26,,,,,,,70,,,,,,,,,,,,,,,,,,,,,,,,,,,,,,,,,,,,,,,,,,,,,,,,,,,,
154,4,Guy Sebastian - Get It Done,9,90,,1193,-24,0.018,,,,16,,,,,,,,,,,,,,,,,,,,,,,,,,,,,,,,,,,,,,,,,,,,,,,,,,,,,,,,
155,NEW,FRAME & Mofumofuen - Mugendai Glow Up,1,155,,1193,1193,0.001,,,,,16,,,,,,,,,,,,,,,,,,,,,,,,,,,,,,,,,,,,,,,,,,,,,,,,,,,,,,,
156,NEW,Olly Murs - Save Me,7,103,,1192,461,0.013,,17,,,,,,,,,,,,,,,,,,,,,,,,,,,,,,,,,,,,,,,,,,,,62,,,,,,,,,,,,,,
157,-26,Scotty McCreery - Bottle Rockets,42,113,,1189,-208,0.082,29,,,,,,,59,,,,,,,,,,,,,,,,,,,,,,,,,,,,,,,,,,,,,,,,,,,,,,,,,,,,
158,-22,Caleb & John - Finished,4,136,,1188,-154,0.006,75,,,,,,,166,,,,,,,,,,,,15,,,,,,,,,,38,,,,,,,,,,,,,,,,,,,,,,,,,,,,,,
159,-60,Alfa & Manu Chao - a me mi piace,50,83,,1182,-438,0.097,,,,,,,,,58,,,,,2,,,97,,,,,,,,,,,,,,,,,,,,,,,,,,,,,,,,,,,,,,,,,,,
160,NEW,Midnight Til Morning - Bye,1,160,,1173,1173,0.001,,114,131,53,,,,63,,,,,,,,,,,,,,,,,,,,,,,,,,,,,,,,,,,,,,,,,,,,,,,,,,,,
161,-20,Snow Man - SERIOUS,6,59,,1170,-145,0.011,,,,,17,,,,,,,,,,,,,,,,,,,,,,,,,,,,,,,,,,,,,,,,,,,,,,,,,,,,,,,
162,-81,Taylor Swift - august,68,31,,1170,-668,0.188,195,138,129,,,91,,,,72,,,,177,,,,,,,,,,,,19,,77,69,,,,,,,,,,,,,,,,,,,,,,4,,,,,,,,,
163,NEW,oskar med k - Make Me Feel,17,77,,1165,624,0.029,,166,109,,,,51,,,,166,,,,,,,,,112,,,14,,,,,,,85,,62,,,,,,,,,,,,,94,,,,,,,,,,87,,,,,
164,-12,Post Malone - I Had Some Help,439,5,,1155,-80,1.623,50,,,91,,,,85,,,,,,,,,,,,160,,,,,,,,,,120,,,,,,,,,,,,,,,,,,,,,,,,,,,,,,
165,NEW,"Col Joye & The Joy Boys - Yes Sir, That's My Baby",1,165,,1148,1148,0.001,,,,18,,,,,,,,,,,,,,,,,,,,,,,,,,,,,,,,,,,,,,,,,,,,,,,,,,,,,,,,
166,-7,Mrs. GREEN APPLE - Carrying Happiness,33,98,,1148,-69,0.051,,,,,18,,,,,,,,,,,,,,,,,,,,,,,,,,,,,,,,,,,,,,,,,,,,,,,,,,,,,,,
167,23,LINKIN PARK - Up From the Bottom,100,1,(x1),1144,142,0.334,,,44,,,,,68,78,,169,,,,,,,,,,,,,,,,,,,,,,,,,,,,,,,,,,,,,,,,,,,,,,,,,
168,38,Brian Tyler - Formula 1 Theme,2,129,,1136,190,0.069,,,,,,,,,,,,,,,20,,,,,,,,4,,,,,,,,,,,,,2,14,,1,,,,,77,11,,,,,,,,38,,,,,,,
169,54,Shaboozey & Jelly Roll - Amen,76,24,,1131,247,0.173,47,,,200,,,,48,,,,,,,,,,,,,,,,,,,,,,63,,,,,,,,,,,,,,,,,,,,,,,,,,,,,,
170,75,SDP - Zusammen,12,87,,1125,299,0.018,,,19,,,,,,,,,,,,,,,,,,,,,,,,,,,,,,,,,,,,,,,,,,,,,,,,,,,,,,,,,
171,-39,King & Prince - What We Got ～奇跡はきみと～,6,99,,1125,-270,0.009,,,,,19,,,,,,,,,,,,,,,,,,,,,,,,,,,,,,,,,,,,,,,,,,,,,,,,,,,,,,,
172,NEW,Connie Francis - Pretty Little Baby,84,9,,1121,786,0.338,,,,,,,,,,,,,,,23,,,,,,,66,,,,,,14,,,10,,,,,,,,,,,,,,44,,,,,,,,,,,,,,,
173,-65,"Tanishk Bagchi, Faheem Abdullah, Arslan Nizami & Irshad Kamil - Saiyaara",17,65,,1118,-451,0.035,,86,,,,,,,,,,,2,,,,,,,,,,,,,,,,,,,,,,,,,,,,,,,,,,,81,,,,,,,,,,,,
174,NEW,Nana Mouskouri - Guten Morgen Sonnenschein,65,23,,1116,762,0.399,,,69,,,,,,,,,,,,,10,,,,,,,,,,,,,,,,,,,,,,,,,,,,,,,,,,,,,,,,,,96,,
175,NEW,MyGO!!!!! - Ourai,1,175,,1109,1109,0.001,,,,,44,,,,,,,,,,,,,,,,,,,,20,,,,,,,,,,20,,,,,,,,,,,,,,,,,,,,,,,,,
176,NEW,AFI - Behind the Clock,1,176,,1108,654,0.002,77,154,,57,,,,140,,,,,,,,,,,,,,,,,,153,,,,,,,,,,,,,,,,,,,,,,,,,,,,,,,,,,
177,NEW,Anirudh Ravichander & Heisenberg - Mobsta,1,177,,1104,496,0.003,,,,,,,,,,,,,14,,,133,,,,,,,,,,,,26,,,,,,15,,,,,,,,,,,,,,,,,,,,,,,,,,
178,NEW,Jupiter - Love Cupids,1,178,,1104,1104,0.001,,,,,20,,,,,,,,,,,,,,,,,,,,,,,,,,,,,,,,,,,,,,,,,,,,,,,,,,,,,,,
179,-58,TAKUMI OZAKI & KYOSUKE FUJIMAKI (INI) - Unrequited Love,3,107,,1083,-367,0.004,,,,,21,,,,,,,,,,,,,,,,,,,,,,,,,,,,,,,,,,,,,,,,,,,,,,,,,,,,,,,
180,NEW,SKAI isyourgod & AR - Blueprint Supreme,36,80,,1073,596,0.066,,,,,,,,,,,,72,,,,,,40,,,,,,,25,,,,,,,,,21,57,,,,,,,,,,,,,,,,,,,,,,,,,
181,23,"Tenxi, suisei & Jemsii - mejikuhibiniu",1,181,,1069,110,0.02,,,,,,,,,,,,5,,,,,,,,,,,,,,,,49,,,,,,19,,,,,,,,,,,,,,,,,,,,,,,,,,
182,-32,Forrest Frank - GOD'S GOT MY BACK,7,150,,1063,-178,0.013,23,,,,,,,,,,,,,,,,,,,,,,,,,,,,,148,,,,,,,,,,,,,,,,,,,,,,,,,,,,,,
183,-21,Mrs. Green Apple - Ao To Natsu,225,110,,1062,-131,0.68,,,,,22,,,,,,,,,,,,,,,,,,,,,,,,,,,,,,,,,,,,,,,,,,,,,,,,,,,,,,,
184,45,Charlotte Cardin - Feel Good,79,87,,1060,192,0.199,,,,,,,,,46,,6,,,,,,,,,,,,,,,,,,,,,,,,,,,,,,,,,,,,,,,,,,,,,,,,,
185,-43,Max McNown - A Lot More Free,264,11,,1059,-246,0.959,56,,,,,,,40,,,,,,,,,,,,,,,,,,,,,,44,,,,,,,,,,,,,,,,,,,,,,,,,,,,,,
186,57,J Balvin - Azul,2,186,,1054,219,0.167,,,,,,,19,,,,26,,,,,,,,,,,,,,,,,,,,,,,,,,,,,,,,,,,,,,,,,,,,,,,,,
187,23,"W Sound, Beéle & Ovy On the Drums - La Plena",72,83,,1050,112,0.15,,,,,,,,,,15,,,,36,,,,,,,,,,,,,,,,,,,,,,35,,,,,,,,,,,,,,,,,,,,,,,,
188,-123,Alphaville - Forever Young,267,33,,1048,-1152,1.059,80,93,,,,,,122,118,,119,,,,,,,,,,,97,,,,,,60,,,,,,,,,,,,,,,,,,,,,,,,,,,,,,,,
189,-28,Morgan Wallen - I'm The Problem,182,18,,1044,-159,0.482,34,,,,,,,73,,,,,,,,,,,,,,,,,,,,,,,,,,,,,,,,,,,,,,,,,,,,,,,,,,,,
190,-53,Oasis - Don't Look Back In Anger,55,6,,1041,-300,0.54,,63,,183,,,,,,,,,,33,,,,,,,,92,,,,,,,,,,,,,,,,,,,,,,,,,,,,,,,,,,,,,,
191,NEW,"Bob Daisy, Evelyn Weigert & Tom Beck - Halt Dein Maul",26,78,,1041,466,0.047,,,23,,,,,,,,,,,,,,,,,,,,,,,,,,,,,,,,,,,,,,,,,,,,,,,,,,,,,,,,,
192,-26,HANA - ROSE,109,87,,1041,-129,0.154,,,,,23,,,,,,,,,,,,,,,,,,,,,,,,,,,,,,,,,,,,,,,,,,,,,,,,,,,,,,,
193,NEW,Bob Marley & The Wailers - Three Little Birds,38,39,,1036,927,0.507,,109,,,,,,,,,,,,,,14,,,,,,,,,,,,,,92,,,,,,,37,,,,,,,,8,,,,,,,15,,,,,,,,
194,39,KAROL G - Papasito,31,46,,1033,170,0.064,,,,,,,,,62,10,,,,,,,,,,,,,,,,,,,,,,,,,,,13,,,,,,,,,,,,,,,,9,,,,,,,
195,NEW,FANTASTICS from EXILE TRIBE - Always by Your Side,1,195,,1029,1029,0.001,,,,,33,,,,,,,,,,,,,,,,,,,,30,,,,,,,,,,,,,,,,,,,,,,,,,,,,,,,,,,,
196,-86,Shaboozey & Myles Smith - Blink Twice,106,22,,1027,-523,0.223,,,,36,,69,,,,,,,,,,,,,,,,,,,,,,,,,,,,,,,,,,,,,,,,,,,,,,,,,,,,,,
197,-28,"CYRIL, MOONLGHT & The La's - There She Goes",68,34,,1021,-104,0.138,,,,24,,,,,,,,,,,,,,,,,,,,,,,,,,,,,,,,,,,,,,,,,,,,,,,,,,,,,,,,
198,NEW,"Okaasan to Issho, Yuichiro Hanada(Okaasan to Issho) & Maya Nagata(Okaasan to Issho) - BON",1,198,,1021,1021,0.001,,,,,24,,,,,,,,,,,,,,,,,,,,,,,,,,,,,,,,,,,,,,,,,,,,,,,,,,,,,,,
199,-48,Konomi Suzuki & VISUAL ARTS / Key - Finis Teller,2,151,,1020,-221,0.002,,,,,27,,,,,,,,,,,,,,,,,,,,,,,,,,,,,,89,,,,,,,,,,,,,,,,,,,,,,,,,
200,24,Oasis - Wonderwall,59,3,(x1),1020,136,1.178,,80,,,,,,139,,,,,,44,,,,,,,,14,,,,,,,,,,,,,,,,,,,,,,,69,,,,,,,,,,,,,,,
